{
    "description": "DO NOT DELETE THIS FILE. This file is used to keep track of which files have been synced in the most recent deployment. If you delete this file a resync will need to be done (which can take a while) - read more: https://github.com/SamKirkland/FTP-Deploy-Action",
    "version": "1.0.0",
    "generatedTime": 1684782944603,
    "data": [
        {
            "type": "folder",
            "name": "assets"
        },
        {
            "type": "file",
            "name": "index.html",
            "size": 1111,
            "hash": "077835cbb7532757d947c98142756e31cd0d2d8f7e0e4a4f9bf691e2f9a05b30"
        },
        {
            "type": "file",
            "name": "vite.svg",
            "size": 1497,
            "hash": "4a748afd443918bb16591c834c401dae33e87861ab5dbad0811c3a3b4a9214fb"
        },
        {
            "type": "file",
            "name": "assets/404-2.02f66548.svg",
            "size": 21928,
            "hash": "02f66548ae1611c83fcf6b028c2b49bf54ce945e3da222dea52973130ee1123c"
        },
        {
            "type": "file",
            "name": "assets/404.ad240163.js",
            "size": 807,
            "hash": "b57d14d635d6a3f373bcae6e7e506ce01871ce3e92635ec1df0955e7ffdca9aa"
        },
        {
            "type": "file",
            "name": "assets/Accordion.b1f7bb2a.js",
            "size": 8653,
            "hash": "72fec8d4f43c360df5fd509040e694d8e65c0634f45892252608a70c08a936d4"
        },
        {
            "type": "file",
            "name": "assets/Badge.eb509edd.js",
            "size": 404,
            "hash": "0b125e426633d976d36193abb90f087957f455cf36848b8c52aa096b75ac1b99"
        },
        {
            "type": "file",
            "name": "assets/BasicArea.ae1330b0.js",
            "size": 905,
            "hash": "88c0d183f36724c50fc569b9b7cc0eb4d62b5af881904b687ab19b04854aa2aa"
        },
        {
            "type": "file",
            "name": "assets/Button.d65ae4ef.js",
            "size": 3180,
            "hash": "ae1c24d52a34a0a20190e8de704c9cfd206cb26e5cf28801686f5ffd24992144"
        },
        {
            "type": "file",
            "name": "assets/CalendarView.420dc246.js",
            "size": 54639,
            "hash": "e5f7c647167fd5f62738e4b074c24909f42e7791d375e25286c670ae0cde6610"
        },
        {
            "type": "file",
            "name": "assets/CalendarView.9d9bcf01.css",
            "size": 2343,
            "hash": "9d9bcf0102b8b356765c7f0aeeefb4233b8d6de236aee0e8bbb219e1651e763e"
        },
        {
            "type": "file",
            "name": "assets/Card.c4039a15.js",
            "size": 725,
            "hash": "efc6493a7ca5b9c10175fce12f6f324baaf9c1f010d13f8d3f85df998b5d6834"
        },
        {
            "type": "file",
            "name": "assets/Checkbox.c9f32125.js",
            "size": 936,
            "hash": "4567e9609a113425d7ec892173c1519ba54a38565125e6aff18b92414f513a7f"
        },
        {
            "type": "file",
            "name": "assets/ExampleTwo.016d32f4.js",
            "size": 6625,
            "hash": "0cd5c05a23cfcab89d86a9bcb164f25684a4cda5cefd0ca1bc773fac29802827"
        },
        {
            "type": "file",
            "name": "assets/FormGroup.d18aa078.js",
            "size": 1201,
            "hash": "bcc949b32dab5e877008eaf6d61d8899f2198bd4cc80c5e3c05395a1695bcd3a"
        },
        {
            "type": "file",
            "name": "assets/GlobalFilter.3fb5422a.js",
            "size": 299,
            "hash": "d17c21bac3f344f864c32df8c6f32f4cd02519db393851e225d44eee65483f85"
        },
        {
            "type": "file",
            "name": "assets/HomeBredCurbs.a2650d0a.js",
            "size": 280322,
            "hash": "ca31253a1727202b82ba35e7559dfc78731b5196daf2ef736781bb537fc68a96"
        },
        {
            "type": "file",
            "name": "assets/InputGroup.774edb85.js",
            "size": 2975,
            "hash": "0ebd497661942e93d48ec051634b3ea9e805ff5169ce61637bd9be9b1f53cedc"
        },
        {
            "type": "file",
            "name": "assets/ListLoading.48c1b532.js",
            "size": 697,
            "hash": "6b003f9adb5a00c28c466dca2bba67b5cc00e47c02c83b4753ef009db773e7a9"
        },
        {
            "type": "file",
            "name": "assets/Modal.56cb16b2.js",
            "size": 3691,
            "hash": "19af61daa4727d7ba28e597b911f6bcac13d32565b850c95ddf5b9db55e79671"
        },
        {
            "type": "file",
            "name": "assets/Repeater.d83f1ccd.js",
            "size": 1691,
            "hash": "a545baa19af2e92a512f2da28787c6fc9a0e4cfab15fae5fd217433d1b7aacab"
        },
        {
            "type": "file",
            "name": "assets/Select.fec0b6c9.js",
            "size": 2300,
            "hash": "fbf41ecbb33b8d18eb065c28e1ee12359a16b01f99fcaf23b9054f2cdf1525c2"
        },
        {
            "type": "file",
            "name": "assets/SelectMonth.dc0cf39d.js",
            "size": 847,
            "hash": "6f60447d6b1c0d73f3ad79091fb1979f3151c2ebbb0a4d0c4d7944724cdc4ed9"
        },
        {
            "type": "file",
            "name": "assets/Sidebar.5844b562.js",
            "size": 6191,
            "hash": "b9c7f02818efa24099e1715142ee424814b13b91a39b890080b8f0485013cd69"
        },
        {
            "type": "file",
            "name": "assets/Table.f452d8f7.js",
            "size": 3180,
            "hash": "9611becc1149eea3d54d58c1d8afc8378a5292afbe1031471589ccbe601e4953"
        },
        {
            "type": "file",
            "name": "assets/Textarea.0a00c9cc.js",
            "size": 1602,
            "hash": "50e75f9c28574d63096f87552c3f22c3dd275dc70339cb680127723a4c2ad982"
        },
        {
            "type": "file",
            "name": "assets/Textinput.63e8032a.js",
            "size": 2332,
            "hash": "b324b0ae5196aac922c19e4e86942239d873671a31b244d8aa4f69df4af2a572"
        },
        {
            "type": "file",
            "name": "assets/Tooltip.18d5c875.css",
            "size": 13743,
            "hash": "18d5c875a41208339a413a242a4c421a653c463fc0163df07b875276311eeeab"
        },
        {
            "type": "file",
            "name": "assets/Tooltip.a2586dd3.js",
            "size": 48625,
            "hash": "1195d091746def1055df3e11749935360a9350c7c84ed4b5a06cb3f8376588a1"
        },
        {
            "type": "file",
            "name": "assets/Transition.103a0c97.js",
            "size": 5289,
            "hash": "8b33af39a4be9c24543c17c32982a678229c230840b4a5754ef267b0075c045e"
        },
        {
            "type": "file",
            "name": "assets/alert.78d3e5f7.js",
            "size": 8640,
            "hash": "26127f206a5a8430d557163094dd5f7175ea4ab6d5ae9f567dfd9119233ff758"
        },
        {
            "type": "file",
            "name": "assets/av-1.04e37796.svg",
            "size": 13419,
            "hash": "04e3779634e0177d00221b881430c5d7af9f1ff169d5071a5a7b2c6448297242"
        },
        {
            "type": "file",
            "name": "assets/av-2.0a8e429b.svg",
            "size": 18964,
            "hash": "0a8e429bc34f591fb5c15a63d9d315787c852ad416be00f3278758d718dceeba"
        },
        {
            "type": "file",
            "name": "assets/av-3.d82f8dce.svg",
            "size": 14600,
            "hash": "d82f8dce4939bfa9f320c2edfb28c49891cc6dea73ed37827e1422e63fe319a7"
        },
        {
            "type": "file",
            "name": "assets/av-4.ce37dd2e.svg",
            "size": 26910,
            "hash": "ce37dd2e9ef69e2b79f5564a7c0469cda2fe0d97df8dcd2feb8f2ad351547357"
        },
        {
            "type": "file",
            "name": "assets/badges.37fab5b7.js",
            "size": 4909,
            "hash": "101a549e79c926aa43860e19abf217ab89f0c04a0efcf03073ad351cfe6f08a9"
        },
        {
            "type": "file",
            "name": "assets/banking.cd17e494.js",
            "size": 17213,
            "hash": "f5f572c42b29ac72f1086023c3fe7b9dc6bc4e9f1cbed64d2d53f7e92bde4c14"
        },
        {
            "type": "file",
            "name": "assets/basic-widget.b4cbc280.js",
            "size": 12490,
            "hash": "92d0bcd23edd46231332120c75011c1511000c41e729b9dd384bc7f50d3d54cc"
        },
        {
            "type": "file",
            "name": "assets/big-shap1.68df6746.png",
            "size": 4532,
            "hash": "68df6746ae74428534891e9a082c6bf33d73c365ddef9a1dec4cd9d2c91ab8dc"
        },
        {
            "type": "file",
            "name": "assets/big-shap3.13942a2f.png",
            "size": 5498,
            "hash": "13942a2f1bfd846c644f160710bbc62ba08f0f4fc0af5bcc49ed91169c542a13"
        },
        {
            "type": "file",
            "name": "assets/big-shap4.66fd56a9.png",
            "size": 7211,
            "hash": "66fd56a9da27c7f0528021709602868b8f2912c131edd6e17b3c94b1a6237c01"
        },
        {
            "type": "file",
            "name": "assets/blank-page.ea248b7a.js",
            "size": 232,
            "hash": "a2129fc353c0c595623b356e7c47cde7f6e8d5865c910a48618901398c39c191"
        },
        {
            "type": "file",
            "name": "assets/blank.a7cfb7a6.svg",
            "size": 1656,
            "hash": "a7cfb7a6484496e66165f907df547cf7ea61456bb0c1e9d3f4cf312174db53c9"
        },
        {
            "type": "file",
            "name": "assets/blog-details.c3f4979c.js",
            "size": 8950,
            "hash": "e2bb3ceacd30b2bb9c144bfed67718ed48c2350ee99cd4cd80f531c52181ea98"
        },
        {
            "type": "file",
            "name": "assets/button.fab44801.js",
            "size": 7512,
            "hash": "344c07115cb636df092233d6f82f307ea9fbb2751d4f4030526d282d7ec0b5c8"
        },
        {
            "type": "file",
            "name": "assets/c1.7d4d863f.png",
            "size": 4252,
            "hash": "7d4d863fc5bc891bef1c5ccd9a5314a62c7dad78f6e0e7b95e6bb7e68d8525c6"
        },
        {
            "type": "file",
            "name": "assets/c1.e1ae159b.png",
            "size": 85828,
            "hash": "e1ae159baab3e02d64981cc090fd211098c2f854273e3ff863837dcc01fc7a89"
        },
        {
            "type": "file",
            "name": "assets/c2.042737a0.png",
            "size": 82054,
            "hash": "042737a0b8bcb09be02f8891385496424079f30617a409a7e7a61ffac5733147"
        },
        {
            "type": "file",
            "name": "assets/c2.5f3ac067.png",
            "size": 4575,
            "hash": "5f3ac067badd61cbeeb3302997f6b105f6bc227c5d0e3c2fdecd352179d4d380"
        },
        {
            "type": "file",
            "name": "assets/c3.790a1333.png",
            "size": 4220,
            "hash": "790a1333b5c3d71a88045431143ea668a6d5390f8c9c5e15bf1fe1504fa18d7f"
        },
        {
            "type": "file",
            "name": "assets/c3.7e31ec53.png",
            "size": 87567,
            "hash": "7e31ec53d0d58c652959572287ac3767343c262713b3d07951969b473aa74fcb"
        },
        {
            "type": "file",
            "name": "assets/card-1.fb7e0cdc.png",
            "size": 63655,
            "hash": "fb7e0cdc225725adf4e5b029b35761f1dba8481ce7d0488000e3f54c9972a9bb"
        },
        {
            "type": "file",
            "name": "assets/card-2.fe27cdec.png",
            "size": 67551,
            "hash": "fe27cdec92166142378dfb3f9ab9ef3c7ee3641fa7b319ba64936215077e7ea6"
        },
        {
            "type": "file",
            "name": "assets/card-3.ee3245b2.png",
            "size": 192516,
            "hash": "ee3245b266b922b1d84b52ee455a1267d35d2fe8f3067f53346a97fbad301cd1"
        },
        {
            "type": "file",
            "name": "assets/card-4.61aa826e.png",
            "size": 11476,
            "hash": "61aa826ea7f6d042d21b5d6f40af8e8e4c0fcac25ed537dac062c7b3f0427c34"
        },
        {
            "type": "file",
            "name": "assets/card-5.a2f35e13.png",
            "size": 7066,
            "hash": "a2f35e13f56eb34593bf4acc90f352b31629821063271aadafe787e13abbde44"
        },
        {
            "type": "file",
            "name": "assets/card-6.29783a24.png",
            "size": 9506,
            "hash": "29783a24d42b67fb3479f8653de7b312ab776edf369381c66194d25a66082850"
        },
        {
            "type": "file",
            "name": "assets/card-7.c89e28f6.png",
            "size": 9725,
            "hash": "c89e28f6123fe028f706014ee3e949b1e4e3804232382e3a5843d1ded2620995"
        },
        {
            "type": "file",
            "name": "assets/card.264c8047.js",
            "size": 14530,
            "hash": "1f0fcf319575b0ffeae9344c4d33237c3a6639bc57f46168527eeb44fe8d30ae"
        },
        {
            "type": "file",
            "name": "assets/carousel.6a309d54.css",
            "size": 6761,
            "hash": "6a309d54e06caf4eddfa11ee861423298a70a99f574602ce0921b012b59f0822"
        },
        {
            "type": "file",
            "name": "assets/carousel.dfff9ab6.js",
            "size": 18494,
            "hash": "c83eba00f03bf960ecf8f57c9fb000900ea2d42682af80df7b882edc09f5b0fe"
        },
        {
            "type": "file",
            "name": "assets/changelog.998d68ed.js",
            "size": 7325,
            "hash": "dc3f18c01f246f054cc773f61702516009fbc694b6fcd419c21820048a09596e"
        },
        {
            "type": "file",
            "name": "assets/checkbox.d1ed2bf0.js",
            "size": 1999,
            "hash": "2c558a28b140b5f2c608dc94cc9bb59949ea84e71367de293c61d5ca01c1cb70"
        },
        {
            "type": "file",
            "name": "assets/ck-white.cf7cf868.svg",
            "size": 213,
            "hash": "cf7cf86800aad5486e96ce5c8998b55f4ccdaa1aabd78925d7fdcdbc88da715c"
        },
        {
            "type": "file",
            "name": "assets/ck.b59ef3e7.svg",
            "size": 330,
            "hash": "b59ef3e78c454887309cfd61fa10db8732b8d6596e3d4c5dfc26ec64812cb962"
        },
        {
            "type": "file",
            "name": "assets/cleave-phone.us.af312775.js",
            "size": 68585,
            "hash": "0379ea41cc9f9b570daebd080f8c2f74e181aad322b5a2812601c6dd2466cbe1"
        },
        {
            "type": "file",
            "name": "assets/colors.f15c6a5b.js",
            "size": 8124,
            "hash": "92d45b9dd4ad5ab646480fc8e7023488569401f1469ccfa0d6fd3c50948cc7f4"
        },
        {
            "type": "file",
            "name": "assets/coming-soon.251057b4.js",
            "size": 3149,
            "hash": "56224acac4867bb91475a77b3b33c672f5256a95eb92f6b95fd73098318462a9"
        },
        {
            "type": "file",
            "name": "assets/crm.4eed8cb4.js",
            "size": 3703,
            "hash": "5eec6c3adb27989f4a4412287089446d5e6d86dd447adc5bc6646472190c1443"
        },
        {
            "type": "file",
            "name": "assets/crown.19a8cb4a.svg",
            "size": 258,
            "hash": "19a8cb4a6bca401d9707db1748ab13de11f03cbd56ec40b42df2f39a178e0527"
        },
        {
            "type": "file",
            "name": "assets/cus-1.8d3a0fde.png",
            "size": 11164,
            "hash": "8d3a0fde95eb86d99559cf8c9d9b80ea70f802795b14cce9616e413accaf19a0"
        },
        {
            "type": "file",
            "name": "assets/cus-2.742d6da0.png",
            "size": 8298,
            "hash": "742d6da0c2c2873177989f89c6ae2180d3ff15c8e4b67ba2761d262de6c6f9ad"
        },
        {
            "type": "file",
            "name": "assets/cus-3.65f6bdb8.png",
            "size": 8226,
            "hash": "65f6bdb896d1b6fdfe2b404d88565244ae87ec0cba7411a0a4b76ca49d07f396"
        },
        {
            "type": "file",
            "name": "assets/date-time-picker.6fe16f4c.js",
            "size": 2309,
            "hash": "8c21d33ef4926cf76137bdf878fcf5359219f447678e2edbde64f9801e1ce7f5"
        },
        {
            "type": "file",
            "name": "assets/dc.76c388f3.svg",
            "size": 1907,
            "hash": "76c388f3dbc71186605304e3c3d10fdf934614f0a848ce804496945a5c9d63a5"
        },
        {
            "type": "file",
            "name": "assets/dropdown.5145fef1.js",
            "size": 11209,
            "hash": "a45206bf820601b4499e58170f5ab649b828cbd68d389d5b83ab547049563541"
        },
        {
            "type": "file",
            "name": "assets/earning-chart.b9e6d9f4.js",
            "size": 6085,
            "hash": "3bd76e0529dd071dd14e241a532364f22feae42d42df2620ce8540ddc7c8c023"
        },
        {
            "type": "file",
            "name": "assets/ecommerce.1f1b2586.js",
            "size": 37292,
            "hash": "8b7d0da97eebf35f1b25e37cda09764aa12d0c5c0be0abce71554d603cdc3694"
        },
        {
            "type": "file",
            "name": "assets/effect-cards.2d854952.css",
            "size": 5673,
            "hash": "2d85495219e3b38e3c5bea68cd94cb72d408f6d6d156a3b3a9bb53d3d3df27ae"
        },
        {
            "type": "file",
            "name": "assets/effect-cards.min.0a8b3976.js",
            "size": 79854,
            "hash": "b3d986749ebc416626644eb105c41eede4cab0efe731ee223788cc0f2da32f00"
        },
        {
            "type": "file",
            "name": "assets/faq.2553b409.js",
            "size": 3944,
            "hash": "bd3f0d2c53888e0ce838acea6d44c8c7cc0717f2ee20ad2c7ad2a76db6455b98"
        },
        {
            "type": "file",
            "name": "assets/favicon.366c5384.svg",
            "size": 39085,
            "hash": "366c53841e4a11a0377cf122caf4133ce9362746a7bd5ac57fdd7e11d0b15ca0"
        },
        {
            "type": "file",
            "name": "assets/fb.258e41dd.svg",
            "size": 744,
            "hash": "258e41dd13c5e8198d6f508934717cdab409bc1ebaeae354f9cbbc84786ab7a9"
        },
        {
            "type": "file",
            "name": "assets/fb.f4743ced.svg",
            "size": 518,
            "hash": "f4743cedb1812c3592d06eeb1f90b32cfef3dfd2a3d347ac8070c67e6f4a8821"
        },
        {
            "type": "file",
            "name": "assets/file-1.917a27f9.svg",
            "size": 1302,
            "hash": "917a27f940d0efd6f82b4e2b5935e6f3f15e62126f551ac1d898dc837c03b46c"
        },
        {
            "type": "file",
            "name": "assets/forgot-pass.e147db5f.js",
            "size": 672,
            "hash": "847d0916a2a135d27c8754b0983184196a4780b447e1d09275af5d5781083de0"
        },
        {
            "type": "file",
            "name": "assets/forgot-password.6235c8aa.js",
            "size": 2317,
            "hash": "5441f3af90dd160e5ae1dde9371b0a9fc1ee4e3ab14762387c6dd5b321b556ed"
        },
        {
            "type": "file",
            "name": "assets/forgot-password2.4839b9b9.js",
            "size": 2360,
            "hash": "77d4e1eb8420786f607a8b9ef7d278621f8edd572950be4882dac5ab6a7acfac"
        },
        {
            "type": "file",
            "name": "assets/forgot-password3.b02917e0.js",
            "size": 1882,
            "hash": "d5b7f5ae7b41318a119fdc218206ce07fe397e717cdf3ae3ae15d67cfb524543"
        },
        {
            "type": "file",
            "name": "assets/form-repeater.54aa8f24.js",
            "size": 1662,
            "hash": "c52fb8661e4d01d3a411aded72933f59b4302b9ceca5aa06f4a2ada33c639aaf"
        },
        {
            "type": "file",
            "name": "assets/gift.57c4b4d2.svg",
            "size": 1773,
            "hash": "57c4b4d2ca8584c138fa2357e221ed693c318ae5591915b9559e111403bf7222"
        },
        {
            "type": "file",
            "name": "assets/gp.d450a6e0.svg",
            "size": 580,
            "hash": "d450a6e09525e0ad33991716cc893c999e18ee605da4078d6ac39f012bb55897"
        },
        {
            "type": "file",
            "name": "assets/group-chart-1.286e4d9c.js",
            "size": 2378,
            "hash": "3a8babc6784c2467368b69272621117f538ee4ee7b0834a63f2d40e1dc6260e9"
        },
        {
            "type": "file",
            "name": "assets/group-chart-3.4b8b1345.js",
            "size": 13961,
            "hash": "89c216897d099f8b2400f7f0eb663c8cf06e2125e9199a668f07037cf25c4589"
        },
        {
            "type": "file",
            "name": "assets/group-chart-4.dc439593.js",
            "size": 1101,
            "hash": "a73bedd51cdf87c2f0099802bee7023dc4ef892ea3eef08f702f5bb55ffe9e6f"
        },
        {
            "type": "file",
            "name": "assets/icons.96191bc0.js",
            "size": 2323,
            "hash": "3b1b4f05525e9031904369418c31c6732abc9c9a34349b2e86bc286515fad88b"
        },
        {
            "type": "file",
            "name": "assets/ils1.488442d7.svg",
            "size": 50937,
            "hash": "488442d7f2283a8e2eeab6288d11bcca938670891b8ec015a4d14301efbde0ba"
        },
        {
            "type": "file",
            "name": "assets/ils1.d5120957.js",
            "size": 52,
            "hash": "bddf0f537f881604fd5160e92486d48eb81724ed3349e61195f2c9d98330c3ee"
        },
        {
            "type": "file",
            "name": "assets/image-1.7cb9ebd9.png",
            "size": 514778,
            "hash": "7cb9ebd99d8431ad08be8fd0f22471840a4db8ddab1b1e4a6b6e33a08e42055c"
        },
        {
            "type": "file",
            "name": "assets/image-2.d5c69ef8.png",
            "size": 73417,
            "hash": "d5c69ef84d4813c026639a595f71f26c29369bed10e78e069f44b4b9d777187b"
        },
        {
            "type": "file",
            "name": "assets/image-3.e1ab9ff8.png",
            "size": 191522,
            "hash": "e1ab9ff8bc5a7a2c305660689745f895a248b8ea5f21ccd8fc55b4985f57300c"
        },
        {
            "type": "file",
            "name": "assets/image.cfb14ae0.js",
            "size": 1846,
            "hash": "4c8a51639c30200c2abb37b550bf349e8963e1c0dfd7c044997920144d37af4c"
        },
        {
            "type": "file",
            "name": "assets/img-1.1efc744d.svg",
            "size": 46268,
            "hash": "1efc744d465161871db40814ea76fb6d45f8cbcd9422908c63d463a0afc4071d"
        },
        {
            "type": "file",
            "name": "assets/img-2.236fc868.svg",
            "size": 74049,
            "hash": "236fc86833e82927c3a81d462c00bd304723d98ef9971de2b424c17e6d375550"
        },
        {
            "type": "file",
            "name": "assets/in.3ad0732e.svg",
            "size": 1080,
            "hash": "3ad0732e8073c4df909a7c1c43241c99461d1c9b94f144047088f96bbf03c46d"
        },
        {
            "type": "file",
            "name": "assets/inbox-1.44186c27.png",
            "size": 8786,
            "hash": "44186c2767950a3369e0abdf11acd6539206f8dfe75e432cc504bb3bf6404c12"
        },
        {
            "type": "file",
            "name": "assets/inbox-2.6e8563db.png",
            "size": 16170,
            "hash": "6e8563dbafb8d7e55eae1a2eabdd24a5e0b08a3e1d36bd3b32eb83450f9461b4"
        },
        {
            "type": "file",
            "name": "assets/inbox-3.2f1cea25.png",
            "size": 15789,
            "hash": "2f1cea250b1528eef6a29adb827652211c8aa5ec892642cda32e6aec0ffbb0dd"
        },
        {
            "type": "file",
            "name": "assets/ind.1667a3b2.png",
            "size": 4769,
            "hash": "1667a3b28cba1131821873b5cc021288585c708fd7c6aa28dc6a522434ce1b73"
        },
        {
            "type": "file",
            "name": "assets/index.0ff3225c.js",
            "size": 959,
            "hash": "0de1c7efe96505aebedcc2b8ad95afc9408866e42e64a8b591905013eb00b4c0"
        },
        {
            "type": "file",
            "name": "assets/index.2205862f.js",
            "size": 12099,
            "hash": "ef05ace14df90b8eecbad9254674ae868eead2249ff6a398808435e3cfeb2c41"
        },
        {
            "type": "file",
            "name": "assets/index.3856c2d8.js",
            "size": 722390,
            "hash": "ba71f292fa5659d9c8fd913f8248492a57238f9e536a33d0ff1d10a0614ef62c"
        },
        {
            "type": "file",
            "name": "assets/index.4538ef97.js",
            "size": 11127,
            "hash": "b50882c4e1b98ee99f70582bfd50b8685e3047dfe3db72596af5b93189a35c48"
        },
        {
            "type": "file",
            "name": "assets/index.49ad4e3a.js",
            "size": 424023,
            "hash": "ec668374e7fe4be4f2b954ed4cab08290de93e4ff36db5ac1a50985338e28764"
        },
        {
            "type": "file",
            "name": "assets/index.4f98486f.js",
            "size": 5933,
            "hash": "379806c15e1ef90d0a3e6f477c57e75b34a359daf72cc4439990762abd7575bd"
        },
        {
            "type": "file",
            "name": "assets/index.5e9095cf.js",
            "size": 271675,
            "hash": "46d8378affe55f54e08eb0fdd31d298a2fc19b472aac5250e9be95d04466d4a9"
        },
        {
            "type": "file",
            "name": "assets/index.77897efb.css",
            "size": 250937,
            "hash": "77897efbfe69882c99f1c2abc5dfab4e23a9730eeae8df8c31d6e03cc07ec563"
        },
        {
            "type": "file",
            "name": "assets/index.7fa5b930.js",
            "size": 58214,
            "hash": "e175e3d0f626abe750d6cec47a8568ec7aa24e7bfe4f5a327c3bc88c8e443033"
        },
        {
            "type": "file",
            "name": "assets/index.8af08a49.js",
            "size": 16459,
            "hash": "b4006aca075a242cdac0e3db2070d59132a3669c1a81efe68f4e152f546d6e23"
        },
        {
            "type": "file",
            "name": "assets/index.9cd3dfa3.js",
            "size": 59425,
            "hash": "15091802d941bace09858791b82f162654bb883b5df52be24ce7f95257d53e21"
        },
        {
            "type": "file",
            "name": "assets/index.a4813ee5.js",
            "size": 21376,
            "hash": "e848a6743496e67b22c068835c48a124e98f59cb2213b51fcd42665a2a139862"
        },
        {
            "type": "file",
            "name": "assets/index.a764bfe4.js",
            "size": 29410,
            "hash": "b3a3a442bd5357482cc7b33fb77c29c276f2afdf5caf932ddb4cc6e0e7f383cb"
        },
        {
            "type": "file",
            "name": "assets/index.a78265cf.js",
            "size": 197244,
            "hash": "631bb2fdb7e75c36b795272152fd32fccf564183ca37626de099b05ec93902c1"
        },
        {
            "type": "file",
            "name": "assets/index.a78fbc6f.js",
            "size": 134648,
            "hash": "1c403623156cc491d5d8e5251a80e804152c5b31fa11ee7b63f0564052a5f8d2"
        },
        {
            "type": "file",
            "name": "assets/index.b58e28a7.js",
            "size": 11815,
            "hash": "2efebf51473eb33a62435a79f1725722bbe3edea26be510e0fcd4ccb80f1ffde"
        },
        {
            "type": "file",
            "name": "assets/index.b617f9fa.js",
            "size": 1337695,
            "hash": "8628ccd59175a87e5c07c8886aec13cdcb42b843bbf07ba50e3dae22eef9f4fc"
        },
        {
            "type": "file",
            "name": "assets/index.bab5066a.css",
            "size": 22052,
            "hash": "bab5066a1f042488736d4de28a5a2954d2b4d5f4c81a8503e7c18c2b1496bbbd"
        },
        {
            "type": "file",
            "name": "assets/index.c48d8a09.js",
            "size": 4864,
            "hash": "ee90467136c30c239b40c2ad2372ca529556001624fdab4bb571e15f831f9044"
        },
        {
            "type": "file",
            "name": "assets/index.ce17eb5d.js",
            "size": 27100,
            "hash": "850e8f6d15ffe03ce5b4ac458f760c9153509bad3c9b466a5b7486d84bac48f3"
        },
        {
            "type": "file",
            "name": "assets/index.dd98588a.js",
            "size": 258026,
            "hash": "a014fe55541676369714e0f3a286f62e151c4b1650386d2ee099f0281c77af9e"
        },
        {
            "type": "file",
            "name": "assets/index.e99c9052.js",
            "size": 240333,
            "hash": "dfd142abecd34100252cfb25898c53d88da8cd94f60077cd85eb17b7d2699080"
        },
        {
            "type": "file",
            "name": "assets/index.eaee82e7.js",
            "size": 4888,
            "hash": "9f45fed4921fea78d3c6123a853ecb56c3c02a678b4941c66ba6a59ccb307d53"
        },
        {
            "type": "file",
            "name": "assets/index.esm.964c0630.js",
            "size": 25513,
            "hash": "e4156b7b2f4c2b2073a3d3159b934f100e7959a2894e6f72158884c5260cc09c"
        },
        {
            "type": "file",
            "name": "assets/index.ff855de5.js",
            "size": 14479,
            "hash": "6151a5881a8173a325867f1bfc4fcc1504b5aa17686c17d63329aaf42ee13394"
        },
        {
            "type": "file",
            "name": "assets/inheritsLoose.088992cc.js",
            "size": 153,
            "hash": "08af66d2a24dd0ca26cd6c7dfb62b6349a90cd20ca08282b4b5f9728854608cf"
        },
        {
            "type": "file",
            "name": "assets/input-group.29e7a27c.js",
            "size": 4187,
            "hash": "d6b08ade2cc4f0baef634774b77c7b01ffc7a0a4160fe9f52624d05605b4d5cb"
        },
        {
            "type": "file",
            "name": "assets/input-layout.0c486891.js",
            "size": 3317,
            "hash": "a4cfa55f4271cdfe4a28f91923fb33679034b59bd05dd09c6695d307f25aeb63"
        },
        {
            "type": "file",
            "name": "assets/input-mask.a4f2cc7f.js",
            "size": 1463,
            "hash": "e1b15c05fe085c08fc7c83667624d00d54bfb21222fbd06066b69cc9995c3194"
        },
        {
            "type": "file",
            "name": "assets/input.1e8329cf.js",
            "size": 2685,
            "hash": "eceeff17cc40bcb12aa93ea8f2d4da43dc1d01827f929200ac4f115b07981c57"
        },
        {
            "type": "file",
            "name": "assets/ins.1b309d09.svg",
            "size": 1066,
            "hash": "1b309d0991fe3cb0c27d876df66297384d8d36abf0811b3d3a0f9f3e13b68ecf"
        },
        {
            "type": "file",
            "name": "assets/invoice-add.216b1e60.js",
            "size": 2225,
            "hash": "67d6caf8cd994920144aca46123c668baa38e0f6ba08a419c1bc305e9e638210"
        },
        {
            "type": "file",
            "name": "assets/invoice-edit.3ac3cfff.js",
            "size": 2219,
            "hash": "ad37a30bf999492469251a922eea0fc2bae03ffd6a3d80e41ba93bfd39add192"
        },
        {
            "type": "file",
            "name": "assets/invoice-preview.212f03ad.js",
            "size": 7549,
            "hash": "5182181b6dcf30c8b75dcd40663baa1282b7ec8d1d49d72c360ca3ab025077f6"
        },
        {
            "type": "file",
            "name": "assets/invoice.ac976ad3.js",
            "size": 7673,
            "hash": "63c31c720ddd751b036091f389b423d04436727cfa9e3b0d69607eafff5383ed"
        },
        {
            "type": "file",
            "name": "assets/isEqual.de9a19c8.js",
            "size": 107,
            "hash": "1439848b0c740982d7489b90ede3e01d6251f433da731c8b2fb13dafa3792492"
        },
        {
            "type": "file",
            "name": "assets/line.e47e3893.svg",
            "size": 677,
            "hash": "e47e389350af59eb8c69c807ead656cf5d422688af0221c39cf0edec28d269ab"
        },
        {
            "type": "file",
            "name": "assets/ln.6a3e7dd8.svg",
            "size": 1289,
            "hash": "6a3e7dd830bcfcbef674d2ac524143f3d19e8d7c8ef58a2d5d7969d8bed52abb"
        },
        {
            "type": "file",
            "name": "assets/lock-screen.e7b036d0.js",
            "size": 2420,
            "hash": "40898e9732dec96190c1d0750b5241cd6ccc082d4d84c0f655621404aa60f76a"
        },
        {
            "type": "file",
            "name": "assets/lock-screen2.193a5e7b.js",
            "size": 1875,
            "hash": "b9b37770448bdb36580819d6465745cbfd7dc099e1cd9f6060a1f2b1b7dac10c"
        },
        {
            "type": "file",
            "name": "assets/lock-screen3.a5daf7e8.js",
            "size": 1977,
            "hash": "560ee50f9e2afca6fb86b23ac5c76781f21610eeb98f8b953418a954c2a1f9e1"
        },
        {
            "type": "file",
            "name": "assets/lock.dc177678.js",
            "size": 665,
            "hash": "bbac97149d1c0003986ce64c1c18af0f742c137622a3d5a5b941bc94a704974e"
        },
        {
            "type": "file",
            "name": "assets/login-bg.4b614fc6.png",
            "size": 485086,
            "hash": "4b614fc6640e3805e7a6733f7f5be4a98f7b8a803e586644e7c0168433560f7e"
        },
        {
            "type": "file",
            "name": "assets/login-bg.5e7b0551.js",
            "size": 56,
            "hash": "2e0102d3bf48381489eb028ac201ea45b0936f10166b7c14e0c41bd434b7b17e"
        },
        {
            "type": "file",
            "name": "assets/login-form.6d069fc7.js",
            "size": 1474,
            "hash": "11938917e74c0a407af5a559d6c0e0ba0fa38ec909c3d03ae29cec18887b5c7f"
        },
        {
            "type": "file",
            "name": "assets/login.2dd040a2.js",
            "size": 2589,
            "hash": "603a52ec33845acf8a11383fcb4b9f5920c796e3a1571e2a05192e12b41aa2c1"
        },
        {
            "type": "file",
            "name": "assets/login2.f7bde25c.js",
            "size": 2642,
            "hash": "d863533caa00b8bd27192f9ad97bea0fee2c157b7f6f7ad40bb3e6f317a68eb7"
        },
        {
            "type": "file",
            "name": "assets/login3.125460b5.js",
            "size": 2136,
            "hash": "bae1db206c5b81e8836fe8fe5d3cd7defbe337553b57efaf02e69d710a8fe9e4"
        },
        {
            "type": "file",
            "name": "assets/logo-c-white.c9976bd3.svg",
            "size": 31542,
            "hash": "c9976bd3f0ee43bd48fb466d5a206b482614b2bbe1f025bb7f68b437c4ad1fcd"
        },
        {
            "type": "file",
            "name": "assets/logo-c.d2294d68.svg",
            "size": 58222,
            "hash": "d2294d68e476e20fb251a04449e55e7e33f9e3001b8019607bc3e41bb7eefa50"
        },
        {
            "type": "file",
            "name": "assets/logo-white.f53c42b3.svg",
            "size": 47124,
            "hash": "f53c42b36e77f4b7bb8723ab09127b48e63dd094940017dd3500cd69a03ec180"
        },
        {
            "type": "file",
            "name": "assets/logo.7752ac48.svg",
            "size": 39862,
            "hash": "7752ac488c109d0dd361d0759ab8b46f476479f076ab21645a2a69f7c6d93122"
        },
        {
            "type": "file",
            "name": "assets/main-user.71130168.js",
            "size": 2468,
            "hash": "ca2656fbf3272071b9775788386d5ef6fdb8f61d035fbfe847579ae1c5b743c1"
        },
        {
            "type": "file",
            "name": "assets/main-user.df3f61fd.png",
            "size": 7208,
            "hash": "df3f61fd68ca93a53a2b9df4ea16a515d5f8c6a8c0415d36ac8d520eac1b7f36"
        },
        {
            "type": "file",
            "name": "assets/modal.036456b5.js",
            "size": 15996,
            "hash": "f30c72f2c23f71b4624ee03a44d8f6181d2558255d1dcbaf6d6360b50eab8f0e"
        },
        {
            "type": "file",
            "name": "assets/notifications.bc1db2c3.js",
            "size": 1714,
            "hash": "f80621e37784749f210290d7c8f45dd8a44eff660ffe0e1d43e0b5b41ec310c3"
        },
        {
            "type": "file",
            "name": "assets/object.2c55d824.js",
            "size": 37114,
            "hash": "fa8926d5a4ff5b28fd7e613f89c261d5694797bc7da7ba377ac02f41d35bf721"
        },
        {
            "type": "file",
            "name": "assets/page-bg.a1b58b64.png",
            "size": 543219,
            "hash": "a1b58b64a4100c4e47f5b4940513c147527488558050c58c9bd82b1f252a6020"
        },
        {
            "type": "file",
            "name": "assets/pagination.c686a7ce.js",
            "size": 1898,
            "hash": "b5b8fd7ae01672ac1e16ee77e04d98888742321c18190dfbf830e80e56021931"
        },
        {
            "type": "file",
            "name": "assets/path.2e3cae54.svg",
            "size": 2251,
            "hash": "2e3cae545134bb223539bb8a1176a2989aa647174e1551f55f5cce0bfe360019"
        },
        {
            "type": "file",
            "name": "assets/pdf-1.e1f65b81.svg",
            "size": 1274,
            "hash": "e1f65b812fedc53af6c5f8a35948c3298f3f1605b35f13e9fa231084223d7327"
        },
        {
            "type": "file",
            "name": "assets/pdf-2.915d15e7.svg",
            "size": 1193,
            "hash": "915d15e7d31a2147ae33dabd749b2bef0916b4d14d43e01811a94d312bf905e8"
        },
        {
            "type": "file",
            "name": "assets/placeholder.fa00b3e6.js",
            "size": 412,
            "hash": "4a834207dcde8121ccf30bf5748886cf140d2e553e82f18b9962bb32fbf55401"
        },
        {
            "type": "file",
            "name": "assets/post-1.0b3284da.js",
            "size": 54,
            "hash": "dc2a72eda533d5e5b560063e47d76e211aeeceba4d93649abb8db222dc4b4407"
        },
        {
            "type": "file",
            "name": "assets/post-1.4647ba55.png",
            "size": 271174,
            "hash": "4647ba55a32b81e4a4ad45d237802cecccee2dd463f072a8dbdff3386e217495"
        },
        {
            "type": "file",
            "name": "assets/pricing.916de2ff.js",
            "size": 10848,
            "hash": "7934ec84888a92ff214115ddb095a77e3d3ac4430b073f1e224d5f179e166fb5"
        },
        {
            "type": "file",
            "name": "assets/profile.8178d927.js",
            "size": 4138,
            "hash": "608deb3c25a685576e101248314d60841be5d6c7bd4c8af6cda405d373f51b71"
        },
        {
            "type": "file",
            "name": "assets/project-details.bd0fda9a.js",
            "size": 6213,
            "hash": "4992ca0a136854bd29ba8a8013fae13bb248aade8a8dbeddd198be39e369c47c"
        },
        {
            "type": "file",
            "name": "assets/project.e9e122ff.js",
            "size": 3841,
            "hash": "3a7f58534a8181ea67d6031c62f6e352f82a49962254bf49677c872043d06c64"
        },
        {
            "type": "file",
            "name": "assets/rabit.0cfb0342.svg",
            "size": 54722,
            "hash": "0cfb03421d064303a0f52a7216ec130da3c7f8fd788608f2c011f81741114aad"
        },
        {
            "type": "file",
            "name": "assets/radio-button.646e1a07.js",
            "size": 2052,
            "hash": "43477870a0826cc4ce1d7b79a57c94d9f5f26c152da94d5983f607e47310c2af"
        },
        {
            "type": "file",
            "name": "assets/react-apexcharts.min.d794e279.js",
            "size": 511242,
            "hash": "57d2150919b0faf5c9d1b53d9c4ed8efd8d0e8e3b16c065fbda57ff025bef18c"
        },
        {
            "type": "file",
            "name": "assets/react-select.esm.a0621d33.js",
            "size": 124547,
            "hash": "542d93826fc0616bd224a4160f6eb617fc5736375a2bcc29ab99ede0a3db8640"
        },
        {
            "type": "file",
            "name": "assets/react-table.6b491e3b.js",
            "size": 7028,
            "hash": "2ce94298697e1cdd8ada8bf97a82be83ea6c9b1b133cb6502c2bb4a370240cea"
        },
        {
            "type": "file",
            "name": "assets/reg-from.b59fcaaf.js",
            "size": 1379,
            "hash": "d5920d1f08192d253ca05ef2b05be9b836078e6fd6270af503ebacdff2bbcbc8"
        },
        {
            "type": "file",
            "name": "assets/register.8974b244.js",
            "size": 2599,
            "hash": "e5b2c28d135f36420d7fc1aaf5c3d575845116ae1617b6b4a54114951cc9a625"
        },
        {
            "type": "file",
            "name": "assets/register2.83eeb1f3.js",
            "size": 2615,
            "hash": "f33b8178edb20e45f46e4c7526fdde381087237fd64bf88f9512d0281fa95dfa"
        },
        {
            "type": "file",
            "name": "assets/register3.345e6780.js",
            "size": 2183,
            "hash": "0fd21ab8dfe2ddaeed690d7fbed6caeb14628cc5a324f3b8cf140b84f3f66a4f"
        },
        {
            "type": "file",
            "name": "assets/revenue-bar-chart.520e908e.js",
            "size": 1601,
            "hash": "88ae078fea09704297240943b764dc81b9b8cd55d476405ac5b278f3d177f98f"
        },
        {
            "type": "file",
            "name": "assets/scr-1.aa658374.svg",
            "size": 1208,
            "hash": "aa65837421fdf0054ca11f13c0490847539dee2b44de17ce0602f505a6095e7a"
        },
        {
            "type": "file",
            "name": "assets/sd2.abc62df7.png",
            "size": 4805,
            "hash": "abc62df7e1c989e1a0ea87d5bcae486cad7e7375109c08aa2b35109bb35729d5"
        },
        {
            "type": "file",
            "name": "assets/sd3.a309167b.png",
            "size": 4385,
            "hash": "a309167b2145cb4addbd50d9ba3af2776e97ae5bcfea9a187d9fcab90b8efc26"
        },
        {
            "type": "file",
            "name": "assets/sd4.6ac05f47.png",
            "size": 4640,
            "hash": "6ac05f478444eae8a2d92606867ff1592b348fb29187c9f31be0e6436b3bf33a"
        },
        {
            "type": "file",
            "name": "assets/sd6.28112592.png",
            "size": 4573,
            "hash": "28112592ae65a244d6ba4678599576e4efd192849efd3faee52743fe3ec1050a"
        },
        {
            "type": "file",
            "name": "assets/setPrototypeOf.fcb4f614.js",
            "size": 516,
            "hash": "037e2d882a2bc98bf52430ded20c31f1775ccb5bd0c5dca3e1807edec38c8649"
        },
        {
            "type": "file",
            "name": "assets/settings.61853570.js",
            "size": 2666,
            "hash": "8a4aa812cb558580374e9ca7a392069fce50ee2a4566ee6ce129c67ee7232ed9"
        },
        {
            "type": "file",
            "name": "assets/sk.0c70b6db.svg",
            "size": 11015,
            "hash": "0c70b6dbbade77e54bf35fbceed1ec50e21f57431581a175b8c923a675ba2543"
        },
        {
            "type": "file",
            "name": "assets/social.619463eb.js",
            "size": 1049,
            "hash": "1af651b0523b720b787afe31e8e60f19d75f113a53476782725f895b24db6715"
        },
        {
            "type": "file",
            "name": "assets/statistic-widget.4655a025.js",
            "size": 3656,
            "hash": "21d0d4db6163aba96f67be84b9d68cc30acb47fd275fcc2e901201c495719895"
        },
        {
            "type": "file",
            "name": "assets/switch.ec686dcd.js",
            "size": 3114,
            "hash": "e8a27acb9f0f13295db9736dd752095788842889e7c9b5a6792e1e148dbd435d"
        },
        {
            "type": "file",
            "name": "assets/t-2.32f10764.png",
            "size": 9820,
            "hash": "32f107647957dc4b359891969f22ad6e4ac5fa50049c272497cbf5af35183968"
        },
        {
            "type": "file",
            "name": "assets/t-3.83a99eb4.png",
            "size": 8012,
            "hash": "83a99eb4f65bdb98a326394208c9f611a4d9cae1e7a467627021227e28a9d036"
        },
        {
            "type": "file",
            "name": "assets/t1.a44d9313.png",
            "size": 7561,
            "hash": "a44d9313f677912313c7d3e7e431a1197d901ae79e9e0ee635b280bc60898c4a"
        },
        {
            "type": "file",
            "name": "assets/tab-accordion.82f319b6.js",
            "size": 8734,
            "hash": "a960cb9bff7c2d4e08fdafcb10d4d5c58d25bc31158c75c9b61cb916abb3ab1b"
        },
        {
            "type": "file",
            "name": "assets/table-basic.abb94900.js",
            "size": 5217,
            "hash": "cabaf72b202dea6c1ba5e8e717b8fb51a6de56f0df7427315d91125a5803e8a1"
        },
        {
            "type": "file",
            "name": "assets/table-data.8eed9b48.js",
            "size": 22753,
            "hash": "5ea86deb52408a968c4dca8d43e429d66e022176f0a148c26f72c8f332481868"
        },
        {
            "type": "file",
            "name": "assets/textarea.d83b8a95.js",
            "size": 1722,
            "hash": "69ab5f7e80633a2389344b5097979242eb15b01f12013231547aa9c472e6def1"
        },
        {
            "type": "file",
            "name": "assets/thumb-1.99dacc0e.png",
            "size": 48829,
            "hash": "99dacc0e9e72966abdb3a7c432c44ee8bffaf88a672f9b2b79596a5b642df3d0"
        },
        {
            "type": "file",
            "name": "assets/thumb-2.dfb96599.png",
            "size": 44621,
            "hash": "dfb96599c6898d169d3848a97fa66c3d7ee71c6b2a55d0aeae0171f4ce42199e"
        },
        {
            "type": "file",
            "name": "assets/thumb-3.3dc5faa9.png",
            "size": 55155,
            "hash": "3dc5faa909c531c30741bc5fbe1e7edf3ff66343e86206775be2178d40cbb777"
        },
        {
            "type": "file",
            "name": "assets/thumb-4.dff1bf1d.png",
            "size": 45834,
            "hash": "dff1bf1d7570f6fdd1c22aa2c2a69e7808cc64c7ee83ba9ce3fd64995b8b9993"
        },
        {
            "type": "file",
            "name": "assets/thumb-5.0472f40b.png",
            "size": 44497,
            "hash": "0472f40b497d06b5b5aaf125e2afb3952e1bd0c3ae4e01599ea2ee1d4d7b641d"
        },
        {
            "type": "file",
            "name": "assets/thumb-6.6fca5971.png",
            "size": 54756,
            "hash": "6fca59716f0c1f2b8f13362834bf1bbc606a0d3ab29db2bd2b82b2f65e282153"
        },
        {
            "type": "file",
            "name": "assets/tooltip-popover.841ff2e1.js",
            "size": 6640,
            "hash": "184da5f5215b577a14275e6cce02b9c9a1b41aae368dd0a75d8e85d09fee24e9"
        },
        {
            "type": "file",
            "name": "assets/tw.79d117d1.svg",
            "size": 933,
            "hash": "79d117d1ae694000992165243f51ddd531ad896274f43d9d340191f063e556d0"
        },
        {
            "type": "file",
            "name": "assets/tw.8afd612b.svg",
            "size": 707,
            "hash": "8afd612be9a9f26920d6c94b98d855b5d49b8a58ad1753dec40406fe93ebf864"
        },
        {
            "type": "file",
            "name": "assets/typography.c3ffc97c.js",
            "size": 16238,
            "hash": "c5593f9c62d5c5afd16dd453641825622945d438a534d8c1a7f8f944a3deabcc"
        },
        {
            "type": "file",
            "name": "assets/under-construction.f2e6e521.js",
            "size": 2322,
            "hash": "7bfbb0399309774f2e174c002befffa2dae55f8fe7b8905996e3709455d64764"
        },
        {
            "type": "file",
            "name": "assets/upload.504e0aae.svg",
            "size": 1314,
            "hash": "504e0aaee1dd75e9cfaf4533288954a64ce465f1ba04732b4ed1c8dbcfdb2a9c"
        },
        {
            "type": "file",
            "name": "assets/upperFirst.6911f9f8.js",
            "size": 18697,
            "hash": "c860d1f723b2f674decbe4cce808dbaa4eed3c1e7a33a0b18b64904a106adbee"
        },
        {
            "type": "file",
            "name": "assets/user-1.f244fd4e.jpg",
            "size": 226182,
            "hash": "f244fd4ec37025744b53de6a3f57d9033253da4d679363bc7121adceacc3d1cb"
        },
        {
            "type": "file",
            "name": "assets/user-3.061b8816.jpg",
            "size": 65090,
            "hash": "061b8816e9757c4e4d5e10558346fc0b41fc195386d99ebe815461a8fa378044"
        },
        {
            "type": "file",
            "name": "assets/user-4.11e2e931.jpg",
            "size": 1894394,
            "hash": "11e2e9316e90e01dd3a68d46d5546743498fd1ea549203d72538438e3beb5abf"
        },
        {
            "type": "file",
            "name": "assets/user-2.dd875fe8.jpg",
            "size": 873856,
            "hash": "dd875fe8ac6455ae33fe1996100baa66628eb5d04cd66eb9ef7a48faad8b2e69"
        },
        {
            "type": "file",
            "name": "assets/user-5.4cc5e0e7.jpg",
            "size": 791773,
            "hash": "4cc5e0e7f894e470dd79b87293066ae8718925d11cd7490922f4a0286f6ecd2d"
        },
        {
            "type": "file",
            "name": "assets/user-6.5a1a768b.jpg",
            "size": 532937,
            "hash": "5a1a768b0fed6c29f5d6c4749e0648d0db1af0ba09bbd95266e6d3005359e0a8"
        },
        {
            "type": "file",
            "name": "assets/user-big.8083c867.js",
            "size": 56,
            "hash": "3c145407f82b3f94d30721d9244dbbb2b15dd244a78d68ed31a301c22c1cee25"
        },
        {
            "type": "file",
            "name": "assets/user-big.b775f787.png",
            "size": 7059,
            "hash": "b775f78742926d29f8983b79d7b7f1da468e165a0ce25a665b2aafcc1e8943a6"
        },
        {
            "type": "file",
            "name": "assets/user.306f912f.png",
            "size": 612671,
            "hash": "306f912f00306ba1d7f78144d26baa338b56ba90260a4077377dbb8d4c4aaec3"
        },
        {
            "type": "file",
            "name": "assets/video.612c81d4.js",
            "size": 354,
            "hash": "b017efb45717e400171f128aed483a81daa45a6ea11787494fd52feced63866e"
        },
        {
            "type": "file",
            "name": "assets/visa.8887098f.svg",
            "size": 1853,
            "hash": "8887098f17b78e0d47a5d5916a249d73a8cb381b56810ef8ac538ef618b3aade"
        },
        {
            "type": "file",
            "name": "assets/widget-bg-1.5c29a3d8.js",
            "size": 59,
            "hash": "db45028b2c989f034474ba81489dc2ffeaebafb9843d4488b7c5659fc538581e"
        },
        {
            "type": "file",
            "name": "assets/widget-bg-1.e52f9df1.png",
            "size": 36371,
            "hash": "e52f9df1c6b67d576bc050bcb0d71f17d7782631ad3d9a3c0bf2dc6ad57ad409"
        },
        {
            "type": "file",
            "name": "assets/widget-bg-2.035e0098.png",
            "size": 33449,
            "hash": "035e0098616d1911d03254935d3eb8189c60337b3c4c9b7a8156e6c62e4e91a9"
        },
        {
            "type": "file",
            "name": "assets/widget-bg-2.48c260a1.js",
            "size": 59,
            "hash": "d17f3ce1102f7784d38680b06576e86ae496daae5b901dc4800e0ac82d1f5472"
        },
        {
            "type": "file",
            "name": "assets/widget-bg-3-1.587b24de.png",
            "size": 29104,
            "hash": "587b24dee6f7cd40959eda9e87f153684bf75fe8b13e8637e39cfb981373daa7"
        },
        {
            "type": "file",
            "name": "assets/widget-bg-3.060a7fdc.png",
            "size": 6005,
            "hash": "060a7fdc228a5b0dcfcdb78bf825b6f73ba041cdd1ef7d9ea62e9fe6be0dc5cd"
        },
        {
            "type": "file",
            "name": "assets/widget-bg-4.4800eddc.png",
            "size": 32328,
            "hash": "4800eddcb4014ee37afeffc7524b2940c3b58a1720a1926ab1ff6d2cf82618b8"
        },
        {
            "type": "file",
            "name": "assets/widget-bg-5.c89b8339.png",
            "size": 35229,
            "hash": "c89b8339cc3e46da47148e9145e694d8857ad110578efbae5252d19db7d23d75"
        },
        {
            "type": "file",
            "name": "assets/widget-bg-7.a9cd1189.png",
            "size": 41825,
            "hash": "a9cd1189e168c0fd9b881d2d89fd48e3d0566257b7ad1a9bff4946bca8a81d5d"
        },
        {
            "type": "file",
            "name": "assets/widget-bg-8.c3a3c7bd.png",
            "size": 41569,
            "hash": "c3a3c7bd4993e01d222b8e81259b3d31c74fe837b13b309f8101f28a2c393c24"
        },
        {
            "type": "file",
            "name": "assets/widgetvector.33518006.svg",
            "size": 16883,
            "hash": "3351800675ba9ca60067e82e47d28cd79b71efc1de50ebd37966ab3c60e2cd6d"
        },
        {
            "type": "file",
            "name": "assets/widgetvector2.079f48ee.svg",
            "size": 58520,
            "hash": "079f48eef2b9ab365bc3f746c6e98f69b462366b658d1c63d51aad5308c0a998"
        },
        {
            "type": "file",
            "name": "assets/zip-1.b1b64e02.svg",
            "size": 1911,
            "hash": "b1b64e024f6fc5fcc4ee00fb3226a1da43a2268fa597e7f6aeba09431ca57012"
        }
    ]
}